timestamp,client_count,slave_count,total_requests,success_count,error_count,read_latency_us,write_latency_us,throughput_rps,read_count,write_count
2025-04-15T10:48:22+05:30,20,5,1897,338,1559,40.68,44.58,1897.00,1311,586
2025-04-15T10:48:23+05:30,20,5,1820,0,1820,32.35,33.56,1820.00,1306,514
2025-04-15T10:48:24+05:30,20,5,1820,0,1820,34.49,34.66,1820.00,1251,569
2025-04-15T10:48:25+05:30,20,5,1820,0,1820,33.01,34.83,1820.00,1285,535
2025-04-15T10:48:26+05:30,20,5,1820,0,1820,36.65,34.22,1820.00,1262,558
2025-04-15T10:48:27+05:30,20,5,1800,0,1800,32.62,35.93,1800.00,1268,532
2025-04-15T10:48:28+05:30,20,5,1804,0,1804,33.86,31.63,1804.00,1284,520
2025-04-15T10:48:29+05:30,20,5,1830,0,1830,29.16,32.40,1830.00,1266,564
2025-04-15T10:48:30+05:30,20,5,1806,0,1806,29.90,30.65,1806.00,1270,536
2025-04-15T10:48:31+05:30,20,5,1840,0,1840,30.23,31.08,1840.00,1328,512
2025-04-15T10:48:32+05:30,20,5,1820,0,1820,30.39,32.15,1820.00,1271,549
2025-04-15T10:48:33+05:30,20,5,1820,0,1820,32.49,34.04,1820.00,1285,535
2025-04-15T10:48:34+05:30,20,5,1818,0,1818,30.15,29.14,1818.00,1274,544
2025-04-15T10:48:35+05:30,20,5,1822,0,1822,28.80,30.02,1822.00,1289,533
2025-04-15T10:48:36+05:30,20,5,1820,0,1820,26.65,31.25,1820.00,1267,553
2025-04-15T10:48:37+05:30,20,5,1820,0,1820,28.37,29.74,1820.00,1265,555
2025-04-15T10:48:38+05:30,20,5,1838,0,1838,33.12,32.79,1838.00,1300,538
2025-04-15T10:48:39+05:30,20,5,1802,0,1802,25.63,27.31,1802.00,1279,523
2025-04-15T10:48:40+05:30,20,5,1820,0,1820,29.25,29.94,1820.00,1281,539
2025-04-15T10:48:41+05:30,20,5,1820,0,1820,28.97,29.47,1820.00,1255,565
2025-04-15T10:48:42+05:30,20,5,1820,0,1820,29.59,32.11,1820.00,1289,531
2025-04-15T10:48:43+05:30,20,5,1820,0,1820,30.01,36.35,1820.00,1287,533
2025-04-15T10:48:44+05:30,20,5,1820,0,1820,29.24,31.85,1820.00,1275,545
2025-04-15T10:48:45+05:30,20,5,1820,0,1820,29.80,31.51,1820.00,1277,543
2025-04-15T10:48:46+05:30,20,5,1820,0,1820,27.22,26.56,1820.00,1269,551
2025-04-15T10:48:47+05:30,20,5,1820,0,1820,32.15,36.78,1820.00,1276,544
2025-04-15T10:48:48+05:30,20,5,1833,0,1833,31.46,33.16,1833.00,1281,552
2025-04-15T10:48:49+05:30,20,5,1807,0,1807,26.09,28.14,1807.00,1259,548
2025-04-15T10:48:50+05:30,20,5,1821,0,1821,29.04,30.18,1821.00,1260,561
2025-04-15T10:48:51+05:30,20,5,1819,0,1819,26.24,29.41,1819.00,1266,553
2025-04-15T10:48:52+05:30,20,5,1820,0,1820,33.20,29.72,1820.00,1275,545
2025-04-15T10:48:53+05:30,20,5,1840,0,1840,33.74,33.62,1840.00,1273,567
2025-04-15T10:48:54+05:30,20,5,1807,0,1807,30.25,30.65,1807.00,1271,536
2025-04-15T10:48:55+05:30,20,5,1832,0,1832,28.01,26.53,1832.00,1254,578
2025-04-15T10:48:56+05:30,20,5,1821,0,1821,26.89,28.27,1821.00,1274,547
2025-04-15T10:52:04+05:30,20,3,1903,288,1615,73.31,67.08,1903.00,1351,552
2025-04-15T10:52:05+05:30,20,3,1820,0,1820,28.38,30.50,1820.00,1264,556
2025-04-15T10:52:06+05:30,20,3,1820,0,1820,29.72,28.87,1820.00,1253,567
2025-04-15T10:52:07+05:30,20,3,1820,0,1820,34.56,36.56,1820.00,1285,535
2025-04-15T10:52:08+05:30,20,3,1820,0,1820,34.50,37.64,1820.00,1271,549
2025-04-15T10:52:09+05:30,20,3,1840,0,1840,38.00,38.07,1840.00,1319,521
2025-04-15T10:52:10+05:30,20,3,1820,0,1820,28.73,29.76,1820.00,1298,522
2025-04-15T10:52:11+05:30,20,3,1820,0,1820,29.87,28.44,1820.00,1309,511
2025-04-15T10:52:12+05:30,20,3,1820,0,1820,35.34,32.75,1820.00,1235,585
2025-04-15T10:52:13+05:30,20,3,1840,0,1840,27.98,31.87,1840.00,1263,577
2025-04-15T10:52:14+05:30,20,3,1820,0,1820,27.79,29.35,1820.00,1285,535
2025-04-15T10:52:15+05:30,20,3,1820,0,1820,28.68,30.31,1820.00,1289,531
2025-04-15T10:52:16+05:30,20,3,1840,0,1840,27.13,32.48,1840.00,1264,576
2025-04-15T10:52:17+05:30,20,3,1820,0,1820,33.16,34.84,1820.00,1280,540
2025-04-15T10:52:18+05:30,20,3,1840,0,1840,28.49,34.79,1840.00,1303,537
2025-04-15T10:52:19+05:30,20,3,1820,0,1820,29.66,26.36,1820.00,1295,525
2025-04-15T10:52:20+05:30,20,3,1820,0,1820,26.37,27.37,1820.00,1262,558
2025-04-15T10:52:21+05:30,20,3,1820,0,1820,24.52,21.23,1820.00,1301,519
2025-04-15T10:52:22+05:30,20,3,1820,0,1820,25.87,31.63,1820.00,1306,514
2025-04-15T10:52:23+05:30,20,3,1822,0,1822,31.58,27.92,1822.00,1256,566
2025-04-15T10:52:24+05:30,20,3,1838,0,1838,31.75,32.00,1838.00,1302,536
2025-04-15T10:52:25+05:30,20,3,1820,0,1820,30.50,29.25,1820.00,1293,527
2025-04-15T10:52:26+05:30,20,3,1820,0,1820,28.37,28.44,1820.00,1315,505
2025-04-15T10:52:27+05:30,20,3,1820,0,1820,31.53,29.61,1820.00,1292,528
2025-04-15T10:52:28+05:30,20,3,1840,0,1840,24.47,28.03,1840.00,1270,570
2025-04-15T10:52:29+05:30,20,3,1820,0,1820,22.76,24.50,1820.00,1272,548
2025-04-15T10:52:30+05:30,20,3,1820,0,1820,23.37,24.21,1820.00,1249,571
2025-04-15T10:52:31+05:30,20,3,1840,0,1840,21.97,23.58,1840.00,1289,551
2025-04-15T10:52:32+05:30,20,3,1820,0,1820,25.25,27.01,1820.00,1271,549
2025-04-15T10:52:33+05:30,20,3,1820,0,1820,30.87,31.38,1820.00,1269,551
2025-04-15T10:52:34+05:30,20,3,1820,0,1820,27.77,28.50,1820.00,1286,534
2025-04-15T10:52:35+05:30,20,3,1820,0,1820,28.08,30.69,1820.00,1295,525
2025-04-15T10:52:36+05:30,20,3,1820,0,1820,27.65,31.40,1820.00,1275,545
2025-04-15T10:52:37+05:30,20,3,1820,0,1820,34.30,36.95,1820.00,1263,557
2025-04-15T10:52:38+05:30,20,3,1820,0,1820,26.73,25.38,1820.00,1267,553
2025-04-15T10:58:24+05:30,20,5,1953,415,1538,118.98,137.45,1953.00,1339,614
2025-04-15T10:58:25+05:30,20,5,1860,0,1860,14.37,14.83,1860.00,1313,547
2025-04-15T10:58:26+05:30,20,5,1877,0,1877,14.58,14.88,1877.00,1278,599
2025-04-15T10:58:27+05:30,20,5,1863,0,1863,13.08,19.98,1863.00,1330,533
2025-04-15T10:58:28+05:30,20,5,1840,0,1840,15.10,14.22,1840.00,1305,535
2025-04-15T10:58:29+05:30,20,5,1860,0,1860,14.61,13.40,1860.00,1316,544
2025-04-15T10:58:30+05:30,20,5,1860,0,1860,15.68,15.17,1860.00,1324,536
2025-04-15T10:58:31+05:30,20,5,1860,0,1860,16.87,14.80,1860.00,1255,605
2025-04-15T10:58:32+05:30,20,5,1880,0,1880,15.20,15.82,1880.00,1320,560
2025-04-15T10:58:33+05:30,20,5,1860,0,1860,14.10,13.94,1860.00,1309,551
2025-04-15T10:58:34+05:30,20,5,1860,0,1860,15.09,15.38,1860.00,1278,582
2025-04-15T10:58:35+05:30,20,5,1860,0,1860,13.37,14.20,1860.00,1287,573
2025-04-15T10:58:36+05:30,20,5,1860,0,1860,13.21,15.08,1860.00,1350,510
2025-04-15T10:58:37+05:30,20,5,1860,0,1860,14.05,15.67,1860.00,1322,538
2025-04-15T10:58:38+05:30,20,5,1880,0,1880,13.23,13.96,1880.00,1344,536
2025-04-15T10:58:39+05:30,20,5,1860,0,1860,17.03,14.87,1860.00,1310,550
2025-04-15T10:58:40+05:30,20,5,1860,0,1860,14.41,14.28,1860.00,1304,556
2025-04-15T10:58:41+05:30,20,5,1880,0,1880,14.38,15.42,1880.00,1321,559
2025-04-15T10:58:42+05:30,20,5,1828,0,1828,20.75,25.01,1828.00,1301,527
2025-04-15T10:58:43+05:30,20,5,1860,0,1860,14.86,16.54,1860.00,1313,547
2025-04-15T10:58:44+05:30,20,5,1860,0,1860,13.66,14.81,1860.00,1251,609
2025-04-15T10:58:45+05:30,20,5,1880,0,1880,13.54,15.59,1880.00,1337,543
2025-04-15T10:58:46+05:30,20,5,1840,0,1840,13.89,13.74,1840.00,1269,571
2025-04-15T10:58:47+05:30,20,5,1860,0,1860,13.79,13.68,1860.00,1288,572
2025-04-15T10:58:48+05:30,20,5,1880,0,1880,13.42,14.53,1880.00,1315,565
2025-04-15T10:58:49+05:30,20,5,1860,0,1860,14.89,15.25,1860.00,1298,562
2025-04-15T10:58:50+05:30,20,5,1880,0,1880,13.57,13.15,1880.00,1335,545
2025-04-15T10:58:51+05:30,20,5,1844,0,1844,13.35,13.95,1844.00,1297,547
2025-04-15T10:58:52+05:30,20,5,1856,0,1856,14.56,17.59,1856.00,1289,567
2025-04-15T10:58:53+05:30,20,5,1880,0,1880,14.46,15.00,1880.00,1326,554
2025-04-15T10:58:54+05:30,20,5,1840,0,1840,12.79,14.49,1840.00,1291,549
2025-04-15T10:58:55+05:30,20,5,1880,0,1880,13.98,15.31,1880.00,1313,567
2025-04-15T10:58:56+05:30,20,5,1860,0,1860,16.00,15.09,1860.00,1318,542
2025-04-15T10:58:57+05:30,20,5,1860,0,1860,16.12,14.77,1860.00,1288,572
2025-04-15T10:58:58+05:30,20,5,1840,0,1840,13.89,16.05,1840.00,1326,514
2025-04-15T11:19:59+05:30,20,1,1834,1834,0,631.50,700.53,1834.00,1284,550
2025-04-15T11:20:00+05:30,20,1,1740,1740,0,717.60,725.84,1740.00,1202,538
2025-04-15T11:20:01+05:30,20,1,1716,1716,0,724.66,900.68,1716.00,1185,531
2025-04-15T11:20:02+05:30,20,1,1740,1740,0,576.12,589.85,1740.00,1176,564
2025-04-15T11:20:03+05:30,20,1,1740,1740,0,568.78,561.61,1740.00,1218,522
2025-04-15T11:20:04+05:30,20,1,1760,1760,0,545.33,552.84,1760.00,1207,553
2025-04-15T11:20:05+05:30,20,1,1662,1662,0,631.22,575.90,1662.00,1135,527
2025-04-15T11:20:06+05:30,20,1,1760,1760,0,542.72,588.88,1760.00,1233,527
2025-04-15T11:20:07+05:30,20,1,1760,1760,0,505.56,545.94,1760.00,1234,526
2025-04-15T11:20:08+05:30,20,1,1800,1800,0,365.89,374.62,1800.00,1271,529
2025-04-15T11:20:09+05:30,20,1,1760,1760,0,470.01,474.43,1760.00,1227,533
2025-04-15T11:20:10+05:30,20,1,1760,1760,0,537.74,585.43,1760.00,1210,550
2025-04-15T11:20:11+05:30,20,1,1780,1780,0,485.01,534.59,1780.00,1259,521
2025-04-15T11:20:12+05:30,20,1,1720,1720,0,646.46,745.55,1720.00,1186,534
2025-04-15T11:20:13+05:30,20,1,1760,1760,0,537.81,590.26,1760.00,1204,556
2025-04-15T11:20:14+05:30,20,1,1740,1740,0,579.22,548.01,1740.00,1179,561
2025-04-15T11:20:15+05:30,20,1,1703,1703,0,724.27,696.25,1703.00,1180,523
2025-04-15T11:20:16+05:30,20,1,1779,1779,0,504.55,519.46,1779.00,1248,531
2025-04-15T11:20:17+05:30,20,1,1721,1721,0,572.54,584.65,1721.00,1207,514
2025-04-15T11:20:18+05:30,20,1,1760,1760,0,536.63,585.36,1760.00,1209,551
2025-04-15T11:20:19+05:30,20,1,1731,1731,0,642.85,697.71,1731.00,1196,535
2025-04-15T11:20:20+05:30,20,1,1721,1721,0,583.66,881.47,1721.00,1204,517
2025-04-15T11:20:21+05:30,20,1,1756,1756,0,623.90,660.80,1756.00,1214,542
2025-04-15T11:20:22+05:30,20,1,1724,1724,0,756.88,684.92,1724.00,1203,521
2025-04-15T11:20:23+05:30,20,1,1760,1760,0,542.72,572.55,1760.00,1216,544
2025-04-15T11:20:24+05:30,20,1,1723,1723,0,633.65,580.57,1723.00,1217,506
2025-04-15T11:20:25+05:30,20,1,1760,1760,0,544.68,560.89,1760.00,1235,525
2025-04-15T11:20:26+05:30,20,1,1738,1738,0,630.36,643.66,1738.00,1253,485
2025-04-15T11:20:27+05:30,20,1,1721,1721,0,580.22,816.26,1721.00,1217,504
2025-04-15T11:20:28+05:30,20,1,1760,1760,0,543.04,548.84,1760.00,1253,507
2025-04-15T11:20:29+05:30,20,1,1684,1684,0,806.50,706.32,1684.00,1163,521
2025-04-15T11:20:30+05:30,20,1,1760,1760,0,554.75,612.21,1760.00,1232,528
2025-04-15T11:20:31+05:30,20,1,1725,1725,0,629.54,603.39,1725.00,1167,558
2025-04-15T11:20:32+05:30,20,1,1760,1760,0,556.67,598.29,1760.00,1216,544
2025-04-15T11:20:33+05:30,20,1,1726,1726,0,611.16,715.78,1726.00,1200,526
2025-04-15T11:21:29+05:30,20,2,1908,409,1499,96.49,125.38,1908.00,1343,565
2025-04-15T11:21:30+05:30,20,2,1820,0,1820,24.88,27.16,1820.00,1284,536
2025-04-15T11:21:31+05:30,20,2,1820,0,1820,20.84,21.44,1820.00,1293,527
2025-04-15T11:21:32+05:30,20,2,1833,0,1833,27.59,28.44,1833.00,1291,542
2025-04-15T11:21:33+05:30,20,2,1807,0,1807,21.31,21.75,1807.00,1247,560
2025-04-15T11:21:34+05:30,20,2,1820,0,1820,26.58,27.08,1820.00,1257,563
2025-04-15T11:21:35+05:30,20,2,1840,0,1840,22.02,20.11,1840.00,1241,599
2025-04-15T11:21:36+05:30,20,2,1820,0,1820,20.38,23.37,1820.00,1258,562
2025-04-15T11:21:37+05:30,20,2,1820,0,1820,26.92,27.66,1820.00,1302,518
2025-04-15T11:21:38+05:30,20,2,1840,0,1840,23.30,25.06,1840.00,1295,545
2025-04-15T11:21:39+05:30,20,2,1820,0,1820,20.40,19.37,1820.00,1230,590
2025-04-15T11:21:40+05:30,20,2,1820,0,1820,20.46,25.08,1820.00,1243,577
2025-04-15T11:21:41+05:30,20,2,1820,0,1820,19.50,21.97,1820.00,1273,547
2025-04-15T11:21:42+05:30,20,2,1820,0,1820,24.14,22.18,1820.00,1286,534
2025-04-15T11:21:43+05:30,20,2,1820,0,1820,21.67,19.78,1820.00,1301,519
2025-04-15T11:21:44+05:30,20,2,1840,0,1840,21.31,22.59,1840.00,1316,524
2025-04-15T11:21:45+05:30,20,2,1820,0,1820,21.45,22.71,1820.00,1308,512
2025-04-15T11:21:46+05:30,20,2,1825,0,1825,22.66,21.69,1825.00,1255,570
2025-04-15T11:21:47+05:30,20,2,1835,0,1835,24.50,28.52,1835.00,1274,561
2025-04-15T11:21:48+05:30,20,2,1820,0,1820,21.66,19.86,1820.00,1277,543
2025-04-15T11:21:49+05:30,20,2,1820,0,1820,20.66,22.91,1820.00,1269,551
2025-04-15T11:21:50+05:30,20,2,1840,0,1840,22.11,21.97,1840.00,1295,545
2025-04-15T11:21:51+05:30,20,2,1820,0,1820,20.78,20.99,1820.00,1282,538
2025-04-15T11:21:52+05:30,20,2,1820,0,1820,23.80,30.22,1820.00,1282,538
2025-04-15T11:21:53+05:30,20,2,1820,0,1820,23.44,24.04,1820.00,1295,525
2025-04-15T11:21:54+05:30,20,2,1837,0,1837,22.66,22.88,1837.00,1271,566
2025-04-15T11:21:55+05:30,20,2,1805,0,1805,19.73,20.21,1805.00,1268,537
2025-04-15T11:21:56+05:30,20,2,1838,0,1838,19.73,20.85,1838.00,1293,545
2025-04-15T11:21:57+05:30,20,2,1803,0,1803,26.31,24.93,1803.00,1256,547
2025-04-15T11:21:58+05:30,20,2,1817,0,1817,19.97,22.04,1817.00,1286,531
2025-04-15T11:21:59+05:30,20,2,1820,0,1820,21.45,25.52,1820.00,1278,542
2025-04-15T11:22:00+05:30,20,2,1820,0,1820,25.07,22.99,1820.00,1280,540
2025-04-15T11:22:01+05:30,20,2,1820,0,1820,19.06,20.40,1820.00,1282,538
2025-04-15T11:22:02+05:30,20,2,1814,0,1814,29.02,27.88,1814.00,1288,526
2025-04-15T11:22:03+05:30,20,2,1826,0,1826,20.11,21.34,1826.00,1285,541
2025-04-15T11:25:26+05:30,20,4,1877,338,1539,170.74,326.04,1877.00,1329,548
2025-04-15T11:25:27+05:30,20,4,1825,0,1825,19.44,20.70,1825.00,1292,533
2025-04-15T11:25:28+05:30,20,4,1820,0,1820,17.53,20.51,1820.00,1300,520
2025-04-15T11:25:29+05:30,20,4,1820,0,1820,22.83,23.21,1820.00,1281,539
2025-04-15T11:25:30+05:30,20,4,1820,0,1820,24.51,25.73,1820.00,1270,550
2025-04-15T11:25:31+05:30,20,4,1820,0,1820,19.28,19.81,1820.00,1262,558
2025-04-15T11:25:32+05:30,20,4,1840,0,1840,20.94,21.08,1840.00,1299,541
2025-04-15T11:25:33+05:30,20,4,1840,0,1840,20.59,20.08,1840.00,1297,543
2025-04-15T11:25:34+05:30,20,4,1820,0,1820,18.58,20.53,1820.00,1278,542
2025-04-15T11:25:35+05:30,20,4,1826,0,1826,22.90,23.25,1826.00,1247,579
2025-04-15T11:25:36+05:30,20,4,1834,0,1834,19.44,23.26,1834.00,1309,525
2025-04-15T11:25:37+05:30,20,4,1822,0,1822,21.54,20.72,1822.00,1259,563
2025-04-15T11:25:38+05:30,20,4,1830,0,1830,19.68,19.51,1830.00,1294,536
2025-04-15T11:25:39+05:30,20,4,1828,0,1828,20.12,20.78,1828.00,1294,534
2025-04-15T11:25:40+05:30,20,4,1833,0,1833,22.34,23.08,1833.00,1281,552
2025-04-15T11:25:41+05:30,20,4,1827,0,1827,18.56,18.25,1827.00,1303,524
2025-04-15T11:25:42+05:30,20,4,1820,0,1820,22.86,22.07,1820.00,1285,535
2025-04-15T11:25:43+05:30,20,4,1840,0,1840,20.36,20.43,1840.00,1267,573
2025-04-15T11:25:44+05:30,20,4,1800,0,1800,19.77,21.73,1800.00,1243,557
2025-04-15T11:25:45+05:30,20,4,1820,0,1820,22.65,26.15,1820.00,1289,531
2025-04-15T11:25:46+05:30,20,4,1820,0,1820,19.77,18.46,1820.00,1301,519
2025-04-15T11:25:47+05:30,20,4,1839,0,1839,19.80,20.54,1839.00,1313,526
2025-04-15T11:25:48+05:30,20,4,1821,0,1821,21.37,22.18,1821.00,1297,524
2025-04-15T11:25:49+05:30,20,4,1820,0,1820,18.89,18.57,1820.00,1272,548
2025-04-15T11:25:50+05:30,20,4,1820,0,1820,22.92,29.49,1820.00,1295,525
2025-04-15T11:25:51+05:30,20,4,1820,0,1820,18.50,19.31,1820.00,1284,536
2025-04-15T11:25:52+05:30,20,4,1820,0,1820,19.65,20.31,1820.00,1284,536
2025-04-15T11:25:53+05:30,20,4,1840,0,1840,18.37,20.78,1840.00,1267,573
2025-04-15T11:25:54+05:30,20,4,1820,0,1820,18.38,19.17,1820.00,1276,544
2025-04-15T11:25:55+05:30,20,4,1820,0,1820,24.30,23.38,1820.00,1261,559
2025-04-15T11:25:56+05:30,20,4,1820,0,1820,19.55,21.99,1820.00,1256,564
2025-04-15T11:25:57+05:30,20,4,1820,0,1820,19.63,18.18,1820.00,1280,540
2025-04-15T11:25:58+05:30,20,4,1827,0,1827,21.07,20.42,1827.00,1300,527
2025-04-15T11:25:59+05:30,20,4,1833,0,1833,19.10,17.77,1833.00,1289,544
2025-04-15T11:26:00+05:30,20,4,1820,0,1820,19.85,23.18,1820.00,1249,571
2025-04-15T11:31:54+05:30,20,6,1865,372,1493,240.35,114.72,1865.00,1337,528
2025-04-15T11:31:55+05:30,20,6,1820,0,1820,19.39,21.27,1820.00,1262,558
2025-04-15T11:31:56+05:30,20,6,1840,0,1840,24.07,25.65,1840.00,1305,535
2025-04-15T11:31:57+05:30,20,6,1820,0,1820,30.90,31.49,1820.00,1272,548
2025-04-15T11:31:58+05:30,20,6,1800,0,1800,37.91,42.75,1800.00,1269,531
2025-04-15T11:31:59+05:30,20,6,1840,0,1840,21.32,21.85,1840.00,1294,546
2025-04-15T11:32:00+05:30,20,6,1820,0,1820,22.71,25.14,1820.00,1274,546
2025-04-15T11:32:01+05:30,20,6,1820,0,1820,26.34,28.67,1820.00,1255,565
2025-04-15T11:32:02+05:30,20,6,1820,0,1820,22.96,25.99,1820.00,1253,567
2025-04-15T11:32:03+05:30,20,6,1820,0,1820,22.65,21.56,1820.00,1307,513
2025-04-15T11:32:04+05:30,20,6,1829,0,1829,21.47,23.29,1829.00,1343,486
2025-04-15T11:32:05+05:30,20,6,1815,0,1815,20.13,24.71,1815.00,1283,532
2025-04-15T11:32:06+05:30,20,6,1836,0,1836,24.53,30.24,1836.00,1281,555
2025-04-15T11:32:07+05:30,20,6,1820,0,1820,22.21,24.56,1820.00,1258,562
2025-04-15T11:32:08+05:30,20,6,1820,0,1820,19.79,22.61,1820.00,1264,556
2025-04-15T11:32:09+05:30,20,6,1820,0,1820,21.74,21.17,1820.00,1278,542
2025-04-15T11:32:10+05:30,20,6,1822,0,1822,23.51,23.64,1822.00,1284,538
2025-04-15T11:32:11+05:30,20,6,1838,0,1838,22.14,23.26,1838.00,1284,554
2025-04-15T11:32:12+05:30,20,6,1820,0,1820,20.35,19.72,1820.00,1268,552
2025-04-15T11:32:13+05:30,20,6,1820,0,1820,25.48,28.54,1820.00,1249,571
2025-04-15T11:32:14+05:30,20,6,1840,0,1840,21.05,22.56,1840.00,1284,556
2025-04-15T11:32:15+05:30,20,6,1818,0,1818,21.51,22.15,1818.00,1248,570
2025-04-15T11:32:16+05:30,20,6,1802,0,1802,31.00,27.20,1802.00,1229,573
2025-04-15T11:32:17+05:30,20,6,1820,0,1820,19.70,20.54,1820.00,1271,549
2025-04-15T11:32:18+05:30,20,6,1836,0,1836,21.50,22.32,1836.00,1254,582
2025-04-15T11:32:19+05:30,20,6,1819,0,1819,20.27,21.87,1819.00,1250,569
2025-04-15T11:32:20+05:30,20,6,1812,0,1812,22.35,24.45,1812.00,1291,521
2025-04-15T11:32:21+05:30,20,6,1813,0,1813,22.32,26.01,1813.00,1287,526
2025-04-15T11:32:22+05:30,20,6,1820,0,1820,20.75,23.57,1820.00,1266,554
2025-04-15T11:32:23+05:30,20,6,1840,0,1840,21.04,21.76,1840.00,1303,537
2025-04-15T11:32:24+05:30,20,6,1820,0,1820,19.62,22.06,1820.00,1278,542
2025-04-15T11:32:25+05:30,20,6,1840,0,1840,22.08,22.40,1840.00,1277,563
2025-04-15T11:32:26+05:30,20,6,1820,0,1820,24.00,23.54,1820.00,1300,520
2025-04-15T11:32:27+05:30,20,6,1820,0,1820,19.21,22.13,1820.00,1265,555
2025-04-15T11:32:28+05:30,20,6,1820,0,1820,23.56,25.14,1820.00,1268,552
2025-04-15T11:35:43+05:30,20,7,1895,245,1650,36.33,55.92,1895.00,1327,568
2025-04-15T11:35:44+05:30,20,7,1809,0,1809,28.87,29.44,1809.00,1260,549
2025-04-15T11:35:45+05:30,20,7,1831,0,1831,28.86,33.28,1831.00,1278,553
2025-04-15T11:35:46+05:30,20,7,1820,0,1820,20.57,20.21,1820.00,1254,566
2025-04-15T11:35:47+05:30,20,7,1820,0,1820,20.67,20.94,1820.00,1260,560
2025-04-15T11:35:48+05:30,20,7,1803,0,1803,24.21,26.05,1803.00,1255,548
2025-04-15T11:35:49+05:30,20,7,1837,0,1837,28.31,22.93,1837.00,1304,533
2025-04-15T11:35:50+05:30,20,7,1820,0,1820,19.64,19.41,1820.00,1279,541
2025-04-15T11:35:51+05:30,20,7,1820,0,1820,18.04,20.37,1820.00,1256,564
2025-04-15T11:35:52+05:30,20,7,1820,0,1820,21.12,21.21,1820.00,1274,546
2025-04-15T11:35:53+05:30,20,7,1800,0,1800,19.92,18.92,1800.00,1252,548
2025-04-15T11:35:54+05:30,20,7,1820,0,1820,20.64,21.59,1820.00,1243,577
2025-04-15T11:35:55+05:30,20,7,1820,0,1820,20.79,23.05,1820.00,1241,579
2025-04-15T11:35:56+05:30,20,7,1820,0,1820,21.55,24.94,1820.00,1317,503
2025-04-15T11:35:57+05:30,20,7,1820,0,1820,19.87,18.36,1820.00,1282,538
2025-04-15T11:35:58+05:30,20,7,1820,0,1820,18.59,21.19,1820.00,1289,531
2025-04-15T11:35:59+05:30,20,7,1820,0,1820,22.92,21.52,1820.00,1278,542
2025-04-15T11:36:00+05:30,20,7,1824,0,1824,20.97,22.95,1824.00,1294,530
2025-04-15T11:36:01+05:30,20,7,1836,0,1836,21.22,22.08,1836.00,1286,550
2025-04-15T11:36:02+05:30,20,7,1820,0,1820,19.09,18.39,1820.00,1312,508
2025-04-15T11:36:03+05:30,20,7,1840,0,1840,16.85,18.20,1840.00,1244,596
2025-04-15T11:36:04+05:30,20,7,1834,0,1834,19.25,19.64,1834.00,1319,515
2025-04-15T11:36:05+05:30,20,7,1808,0,1808,21.52,21.71,1808.00,1284,524
2025-04-15T11:36:06+05:30,20,7,1838,0,1838,20.29,22.90,1838.00,1288,550
2025-04-15T11:36:07+05:30,20,7,1820,0,1820,18.68,21.48,1820.00,1300,520
2025-04-15T11:36:08+05:30,20,7,1825,0,1825,18.72,19.57,1825.00,1279,546
2025-04-15T11:36:09+05:30,20,7,1831,0,1831,22.82,22.73,1831.00,1317,514
2025-04-15T11:36:10+05:30,20,7,1804,0,1804,22.66,23.12,1804.00,1263,541
2025-04-15T11:36:11+05:30,20,7,1820,0,1820,19.80,21.13,1820.00,1296,524
2025-04-15T11:36:12+05:30,20,7,1820,0,1820,19.66,20.51,1820.00,1269,551
2025-04-15T11:36:13+05:30,20,7,1820,0,1820,20.91,23.33,1820.00,1275,545
2025-04-15T11:36:14+05:30,20,7,1820,0,1820,23.55,26.45,1820.00,1270,550
2025-04-15T11:36:15+05:30,20,7,1820,0,1820,23.07,21.20,1820.00,1281,539
2025-04-15T11:36:16+05:30,20,7,1820,0,1820,23.09,23.24,1820.00,1247,573
2025-04-15T11:38:03+05:30,20,8,1899,370,1529,51.39,52.30,1899.00,1337,562
2025-04-15T11:38:04+05:30,20,8,1810,0,1810,25.26,25.69,1810.00,1251,559
2025-04-15T11:38:05+05:30,20,8,1821,0,1821,28.19,30.20,1821.00,1288,533
2025-04-15T11:38:06+05:30,20,8,1819,0,1819,24.84,27.94,1819.00,1282,537
2025-04-15T11:38:07+05:30,20,8,1820,0,1820,29.02,29.89,1820.00,1291,529
2025-04-15T11:38:08+05:30,20,8,1820,0,1820,29.37,28.96,1820.00,1277,543
2025-04-15T11:38:09+05:30,20,8,1820,0,1820,23.82,25.62,1820.00,1254,566
2025-04-15T11:38:10+05:30,20,8,1820,0,1820,25.75,26.84,1820.00,1283,537
2025-04-15T11:38:11+05:30,20,8,1820,0,1820,25.93,25.26,1820.00,1241,579
2025-04-15T11:38:12+05:30,20,8,1807,0,1807,26.19,26.53,1807.00,1248,559
2025-04-15T11:38:13+05:30,20,8,1813,0,1813,27.87,27.35,1813.00,1259,554
2025-04-15T11:38:14+05:30,20,8,1820,0,1820,22.80,24.21,1820.00,1265,555
2025-04-15T11:38:15+05:30,20,8,1820,0,1820,25.67,30.22,1820.00,1240,580
2025-04-15T11:38:16+05:30,20,8,1820,0,1820,24.30,25.14,1820.00,1281,539
2025-04-15T11:38:17+05:30,20,8,1804,0,1804,25.05,27.41,1804.00,1264,540
2025-04-15T11:38:18+05:30,20,8,1816,0,1816,27.92,28.94,1816.00,1248,568
2025-04-15T11:38:19+05:30,20,8,1828,0,1828,22.86,22.92,1828.00,1270,558
2025-04-15T11:38:20+05:30,20,8,1812,0,1812,28.62,26.06,1812.00,1300,512
2025-04-15T11:38:21+05:30,20,8,1820,0,1820,28.74,26.69,1820.00,1246,574
2025-04-15T11:38:22+05:30,20,8,1820,0,1820,25.69,23.12,1820.00,1295,525
2025-04-15T11:38:23+05:30,20,8,1820,0,1820,29.14,30.86,1820.00,1259,561
2025-04-15T11:38:24+05:30,20,8,1820,0,1820,24.57,24.55,1820.00,1243,577
2025-04-15T11:38:25+05:30,20,8,1820,0,1820,27.68,25.68,1820.00,1275,545
2025-04-15T11:38:26+05:30,20,8,1820,0,1820,26.76,28.61,1820.00,1270,550
2025-04-15T11:38:27+05:30,20,8,1821,0,1821,23.09,25.10,1821.00,1259,562
2025-04-15T11:38:28+05:30,20,8,1819,0,1819,28.80,28.61,1819.00,1299,520
2025-04-15T11:38:29+05:30,20,8,1820,0,1820,25.46,27.79,1820.00,1268,552
2025-04-15T11:38:30+05:30,20,8,1820,0,1820,26.40,31.44,1820.00,1294,526
2025-04-15T11:38:31+05:30,20,8,1820,0,1820,26.86,26.23,1820.00,1267,553
2025-04-15T11:38:32+05:30,20,8,1820,0,1820,26.62,25.59,1820.00,1320,500
2025-04-15T11:38:33+05:30,20,8,1814,0,1814,27.12,28.30,1814.00,1266,548
2025-04-15T11:38:34+05:30,20,8,1807,0,1807,25.21,29.83,1807.00,1282,525
2025-04-15T11:38:35+05:30,20,8,1839,0,1839,24.04,27.96,1839.00,1274,565
2025-04-15T11:38:36+05:30,20,8,1820,0,1820,24.22,23.81,1820.00,1280,540
2025-04-15T11:38:37+05:30,20,8,1800,0,1800,26.37,25.55,1800.00,1258,542
2025-04-15T11:40:14+05:30,20,9,1898,319,1579,48.01,38.90,1898.00,1284,614
2025-04-15T11:40:15+05:30,20,9,1820,0,1820,28.36,32.11,1820.00,1296,524
2025-04-15T11:40:16+05:30,20,9,1819,0,1819,25.46,26.39,1819.00,1304,515
2025-04-15T11:40:17+05:30,20,9,1801,0,1801,29.42,31.07,1801.00,1250,551
2025-04-15T11:40:18+05:30,20,9,1839,0,1839,30.02,30.42,1839.00,1312,527
2025-04-15T11:40:19+05:30,20,9,1801,0,1801,35.16,38.79,1801.00,1255,546
2025-04-15T11:40:20+05:30,20,9,1820,0,1820,29.32,28.06,1820.00,1292,528
2025-04-15T11:40:21+05:30,20,9,1820,0,1820,31.07,29.48,1820.00,1302,518
2025-04-15T11:40:22+05:30,20,9,1820,0,1820,26.66,32.42,1820.00,1270,550
2025-04-15T11:40:23+05:30,20,9,1820,0,1820,29.09,29.20,1820.00,1262,558
2025-04-15T11:40:24+05:30,20,9,1809,0,1809,31.10,32.06,1809.00,1253,556
2025-04-15T11:40:25+05:30,20,9,1831,0,1831,32.12,31.68,1831.00,1233,598
2025-04-15T11:40:26+05:30,20,9,1820,0,1820,27.96,30.94,1820.00,1304,516
2025-04-15T11:40:27+05:30,20,9,1820,0,1820,28.05,27.94,1820.00,1292,528
2025-04-15T11:40:28+05:30,20,9,1800,0,1800,25.57,26.80,1800.00,1275,525
2025-04-15T11:40:29+05:30,20,9,1820,0,1820,28.41,34.30,1820.00,1312,508
2025-04-15T11:40:30+05:30,20,9,1820,0,1820,25.62,26.70,1820.00,1255,565
2025-04-15T11:40:31+05:30,20,9,1820,0,1820,33.89,34.76,1820.00,1272,548
2025-04-15T11:40:32+05:30,20,9,1820,0,1820,32.53,32.16,1820.00,1278,542
2025-04-15T11:40:33+05:30,20,9,1820,0,1820,34.07,36.14,1820.00,1298,522
2025-04-15T11:40:34+05:30,20,9,1820,0,1820,32.20,33.07,1820.00,1256,564
2025-04-15T11:40:35+05:30,20,9,1820,0,1820,30.66,32.70,1820.00,1241,579
2025-04-15T11:40:36+05:30,20,9,1823,0,1823,26.90,26.89,1823.00,1294,529
2025-04-15T11:40:37+05:30,20,9,1817,0,1817,27.06,32.01,1817.00,1264,553
2025-04-15T11:40:38+05:30,20,9,1839,0,1839,41.84,41.33,1839.00,1265,574
2025-04-15T11:40:39+05:30,20,9,1801,0,1801,32.68,33.20,1801.00,1235,566
2025-04-15T11:40:40+05:30,20,9,1827,0,1827,27.57,33.72,1827.00,1290,537
2025-04-15T11:40:41+05:30,20,9,1813,0,1813,28.86,27.49,1813.00,1281,532
2025-04-15T11:40:42+05:30,20,9,1820,0,1820,32.14,29.40,1820.00,1247,573
2025-04-15T11:40:43+05:30,20,9,1820,0,1820,31.04,29.95,1820.00,1265,555
2025-04-15T11:40:44+05:30,20,9,1820,0,1820,32.01,31.01,1820.00,1279,541
2025-04-15T11:40:45+05:30,20,9,1820,0,1820,27.33,25.78,1820.00,1287,533
2025-04-15T11:40:46+05:30,20,9,1820,0,1820,28.97,32.58,1820.00,1300,520
2025-04-15T11:40:47+05:30,20,9,1820,0,1820,28.16,30.03,1820.00,1261,559
2025-04-15T11:40:48+05:30,20,9,1820,0,1820,29.38,32.75,1820.00,1274,546
2025-04-15T11:41:44+05:30,20,10,1909,273,1636,46.73,36.81,1909.00,1346,563
2025-04-15T11:41:45+05:30,20,10,1800,0,1800,27.00,28.89,1800.00,1253,547
2025-04-15T11:41:46+05:30,20,10,1820,0,1820,27.61,31.64,1820.00,1229,591
2025-04-15T11:41:47+05:30,20,10,1820,0,1820,26.19,28.11,1820.00,1281,539
2025-04-15T11:41:48+05:30,20,10,1820,0,1820,33.52,35.61,1820.00,1244,576
2025-04-15T11:41:49+05:30,20,10,1820,0,1820,33.56,33.21,1820.00,1256,564
2025-04-15T11:41:50+05:30,20,10,1820,0,1820,29.18,28.18,1820.00,1302,518
2025-04-15T11:41:51+05:30,20,10,1820,0,1820,30.59,30.30,1820.00,1251,569
2025-04-15T11:41:52+05:30,20,10,1810,0,1810,27.91,27.42,1810.00,1276,534
2025-04-15T11:41:53+05:30,20,10,1810,0,1810,29.51,30.67,1810.00,1190,620
2025-04-15T11:41:54+05:30,20,10,1820,0,1820,32.85,34.35,1820.00,1278,542
2025-04-15T11:41:55+05:30,20,10,1820,0,1820,25.55,30.00,1820.00,1244,576
2025-04-15T11:41:56+05:30,20,10,1820,0,1820,28.99,28.69,1820.00,1270,550
2025-04-15T11:41:57+05:30,20,10,1820,0,1820,28.72,29.19,1820.00,1268,552
2025-04-15T11:41:58+05:30,20,10,1835,0,1835,26.35,26.56,1835.00,1280,555
2025-04-15T11:41:59+05:30,20,10,1805,0,1805,31.05,37.02,1805.00,1266,539
2025-04-15T11:42:00+05:30,20,10,1840,0,1840,27.19,28.34,1840.00,1286,554
2025-04-15T11:42:01+05:30,20,10,1820,0,1820,31.83,30.13,1820.00,1287,533
2025-04-15T11:42:02+05:30,20,10,1813,0,1813,29.32,32.82,1813.00,1297,516
2025-04-15T11:42:03+05:30,20,10,1827,0,1827,27.44,27.58,1827.00,1251,576
2025-04-15T11:42:04+05:30,20,10,1803,0,1803,29.72,29.76,1803.00,1252,551
2025-04-15T11:42:05+05:30,20,10,1817,0,1817,28.66,29.13,1817.00,1274,543
2025-04-15T11:42:06+05:30,20,10,1820,0,1820,29.13,32.94,1820.00,1262,558
2025-04-15T11:42:07+05:30,20,10,1820,0,1820,29.68,27.46,1820.00,1259,561
2025-04-15T11:42:08+05:30,20,10,1820,0,1820,28.36,27.92,1820.00,1289,531
2025-04-15T11:42:09+05:30,20,10,1820,0,1820,32.56,32.42,1820.00,1255,565
2025-04-15T11:42:10+05:30,20,10,1820,0,1820,27.53,29.35,1820.00,1285,535
2025-04-15T11:42:11+05:30,20,10,1820,0,1820,27.16,28.78,1820.00,1263,557
2025-04-15T11:42:12+05:30,20,10,1820,0,1820,28.51,29.70,1820.00,1252,568
2025-04-15T11:42:13+05:30,20,10,1820,0,1820,26.31,29.91,1820.00,1297,523
2025-04-15T11:42:14+05:30,20,10,1821,0,1821,29.81,33.09,1821.00,1281,540
2025-04-15T11:42:15+05:30,20,10,1821,0,1821,30.39,30.41,1821.00,1254,567
2025-04-15T11:42:16+05:30,20,10,1838,0,1838,29.49,29.68,1838.00,1278,560
2025-04-15T11:42:17+05:30,20,10,1820,0,1820,27.67,31.77,1820.00,1296,524
2025-04-15T11:42:18+05:30,20,10,1820,0,1820,29.00,28.97,1820.00,1270,550
2025-04-15T11:49:27+05:30,1,5,89,89,0,420.18,444.55,89.00,60,29
2025-04-15T11:49:28+05:30,1,5,88,88,0,497.69,340.42,88.00,55,33
2025-04-15T11:49:29+05:30,1,5,90,18,72,118.86,50.84,90.00,58,32
2025-04-15T11:49:30+05:30,1,5,91,0,91,37.72,37.97,91.00,58,33
2025-04-15T11:49:31+05:30,1,5,91,0,91,30.19,40.89,91.00,64,27
2025-04-15T11:49:32+05:30,1,5,91,0,91,35.98,39.33,91.00,64,27
2025-04-15T11:49:33+05:30,1,5,92,0,92,34.41,34.57,92.00,69,23
2025-04-15T11:49:34+05:30,1,5,91,0,91,35.94,32.16,91.00,66,25
2025-04-15T11:49:35+05:30,1,5,90,0,90,34.50,37.33,90.00,66,24
2025-04-15T11:49:36+05:30,1,5,91,0,91,38.26,36.97,91.00,62,29
2025-04-15T11:49:37+05:30,1,5,91,0,91,34.43,35.91,91.00,58,33
2025-04-15T11:49:38+05:30,1,5,91,0,91,33.23,36.36,91.00,69,22
2025-04-15T11:49:39+05:30,1,5,91,0,91,35.47,37.72,91.00,66,25
2025-04-15T11:49:40+05:30,1,5,91,0,91,39.38,62.05,91.00,69,22
2025-04-15T11:49:41+05:30,1,5,91,0,91,39.03,44.64,91.00,63,28
2025-04-15T11:49:42+05:30,1,5,91,0,91,38.21,38.56,91.00,52,39
2025-04-15T11:49:43+05:30,1,5,91,0,91,34.21,36.32,91.00,66,25
2025-04-15T11:49:44+05:30,1,5,91,0,91,34.09,43.51,91.00,56,35
2025-04-15T11:49:45+05:30,1,5,90,0,90,35.68,45.35,90.00,59,31
2025-04-15T11:49:46+05:30,1,5,91,0,91,32.45,38.74,91.00,64,27
2025-04-15T11:49:47+05:30,1,5,91,0,91,36.05,32.46,91.00,65,26
2025-04-15T11:49:48+05:30,1,5,91,0,91,31.27,41.39,91.00,63,28
2025-04-15T11:49:49+05:30,1,5,91,0,91,32.62,30.88,91.00,66,25
2025-04-15T11:49:50+05:30,1,5,91,0,91,32.71,36.85,91.00,65,26
2025-04-15T11:49:51+05:30,1,5,91,0,91,32.37,38.28,91.00,73,18
2025-04-15T11:49:52+05:30,1,5,91,0,91,37.88,36.04,91.00,68,23
2025-04-15T11:49:53+05:30,1,5,91,0,91,32.36,35.38,91.00,75,16
2025-04-15T11:49:54+05:30,1,5,90,0,90,31.03,34.80,90.00,65,25
2025-04-15T11:49:55+05:30,1,5,91,0,91,32.20,30.81,91.00,55,36
2025-04-15T11:49:56+05:30,1,5,91,0,91,33.11,32.97,91.00,61,30
2025-04-15T11:49:57+05:30,1,5,91,0,91,34.13,38.43,91.00,63,28
2025-04-15T11:49:58+05:30,1,5,91,0,91,31.98,40.77,91.00,60,31
2025-04-15T11:49:59+05:30,1,5,90,0,90,28.37,36.90,90.00,59,31
2025-04-15T11:50:00+05:30,1,5,91,0,91,34.18,36.95,91.00,71,20
2025-04-15T11:52:46+05:30,3,5,268,105,163,457.46,178.93,268.00,178,90
2025-04-15T11:52:47+05:30,3,5,272,0,272,34.63,33.17,272.00,188,84
2025-04-15T11:52:48+05:30,3,5,273,0,273,29.88,30.40,273.00,190,83
2025-04-15T11:52:49+05:30,3,5,273,0,273,30.73,34.61,273.00,194,79
2025-04-15T11:52:50+05:30,3,5,273,0,273,36.93,36.47,273.00,194,79
2025-04-15T11:52:51+05:30,3,5,273,0,273,25.17,30.61,273.00,190,83
2025-04-15T11:52:52+05:30,3,5,273,0,273,31.43,28.82,273.00,180,93
2025-04-15T11:52:53+05:30,3,5,276,0,276,43.98,44.52,276.00,193,83
2025-04-15T11:52:54+05:30,3,5,273,0,273,41.49,41.88,273.00,191,82
2025-04-15T11:52:55+05:30,3,5,273,0,273,41.40,50.21,273.00,191,82
2025-04-15T11:52:56+05:30,3,5,273,0,273,50.92,47.38,273.00,180,93
2025-04-15T11:52:57+05:30,3,5,273,0,273,42.36,47.55,273.00,181,92
2025-04-15T11:52:58+05:30,3,5,273,0,273,36.45,42.04,273.00,192,81
2025-04-15T11:52:59+05:30,3,5,273,0,273,32.16,31.77,273.00,189,84
2025-04-15T11:53:00+05:30,3,5,276,0,276,38.06,36.35,276.00,190,86
2025-04-15T11:53:01+05:30,3,5,273,0,273,35.97,35.85,273.00,195,78
2025-04-15T11:53:02+05:30,3,5,273,0,273,34.88,34.14,273.00,179,94
2025-04-15T11:53:03+05:30,3,5,273,0,273,33.07,34.59,273.00,188,85
2025-04-15T11:53:04+05:30,3,5,270,0,270,31.43,33.56,270.00,195,75
2025-04-15T11:53:05+05:30,3,5,273,0,273,35.59,40.84,273.00,187,86
2025-04-15T11:53:06+05:30,3,5,276,0,276,28.76,28.76,276.00,209,67
2025-04-15T11:53:07+05:30,3,5,270,0,270,28.98,24.86,270.00,189,81
2025-04-15T11:53:08+05:30,3,5,273,0,273,39.30,37.45,273.00,193,80
2025-04-15T11:53:09+05:30,3,5,276,0,276,34.57,39.43,276.00,199,77
2025-04-15T11:53:10+05:30,3,5,273,0,273,38.01,40.91,273.00,181,92
2025-04-15T11:53:11+05:30,3,5,273,0,273,30.92,33.23,273.00,202,71
2025-04-15T11:53:12+05:30,3,5,273,0,273,36.47,40.79,273.00,202,71
2025-04-15T11:53:13+05:30,3,5,272,0,272,31.20,35.13,272.00,204,68
2025-04-15T11:53:14+05:30,3,5,271,0,271,29.08,32.04,271.00,193,78
2025-04-15T11:53:15+05:30,3,5,274,0,274,45.98,42.43,274.00,193,81
2025-04-15T11:53:16+05:30,3,5,275,0,275,43.43,46.19,275.00,206,69
2025-04-15T11:53:17+05:30,3,5,273,0,273,34.80,37.29,273.00,183,90
2025-04-15T11:53:18+05:30,3,5,270,0,270,33.99,115.95,270.00,192,78
2025-04-15T11:53:19+05:30,3,5,273,0,273,39.30,43.38,273.00,197,76
2025-04-15T11:53:20+05:30,3,5,273,0,273,41.95,42.36,273.00,190,83
2025-04-15T11:54:02+05:30,5,5,464,189,275,176.18,231.82,464.00,324,140
2025-04-15T11:54:03+05:30,5,5,455,0,455,33.98,29.10,455.00,309,146
2025-04-15T11:54:04+05:30,5,5,455,0,455,33.20,34.10,455.00,314,141
2025-04-15T11:54:05+05:30,5,5,446,0,446,40.07,36.06,446.00,314,132
2025-04-15T11:54:06+05:30,5,5,453,0,453,43.30,43.58,453.00,309,144
2025-04-15T11:54:07+05:30,5,5,457,0,457,34.67,38.58,457.00,310,147
2025-04-15T11:54:08+05:30,5,5,455,0,455,46.34,51.02,455.00,328,127
2025-04-15T11:54:09+05:30,5,5,455,0,455,39.94,36.21,455.00,313,142
2025-04-15T11:54:10+05:30,5,5,450,0,450,44.81,47.04,450.00,325,125
2025-04-15T11:54:11+05:30,5,5,455,0,455,49.27,50.33,455.00,320,135
2025-04-15T11:54:12+05:30,5,5,455,0,455,36.38,31.66,455.00,315,140
2025-04-15T11:54:13+05:30,5,5,457,0,457,34.50,33.33,457.00,341,116
2025-04-15T11:54:14+05:30,5,5,458,0,458,35.22,30.80,458.00,320,138
2025-04-15T11:54:15+05:30,5,5,453,0,453,45.39,45.90,453.00,320,133
2025-04-15T11:54:16+05:30,5,5,457,0,457,39.58,38.03,457.00,316,141
2025-04-15T11:54:17+05:30,5,5,455,0,455,35.67,34.65,455.00,321,134
2025-04-15T11:54:18+05:30,5,5,455,0,455,35.58,33.82,455.00,331,124
2025-04-15T11:54:19+05:30,5,5,455,0,455,32.78,44.26,455.00,322,133
2025-04-15T11:54:20+05:30,5,5,455,0,455,47.59,45.51,455.00,306,149
2025-04-15T11:54:21+05:30,5,5,455,0,455,33.54,40.71,455.00,315,140
2025-04-15T11:54:22+05:30,5,5,455,0,455,36.63,32.17,455.00,341,114
2025-04-15T11:54:23+05:30,5,5,455,0,455,36.50,35.13,455.00,338,117
2025-04-15T11:54:24+05:30,5,5,455,0,455,34.02,33.78,455.00,321,134
2025-04-15T11:54:25+05:30,5,5,455,0,455,42.72,48.83,455.00,316,139
2025-04-15T11:54:26+05:30,5,5,450,0,450,36.05,43.59,450.00,309,141
2025-04-15T11:54:27+05:30,5,5,455,0,455,47.46,43.94,455.00,324,131
2025-04-15T11:54:28+05:30,5,5,455,0,455,45.30,49.65,455.00,318,137
2025-04-15T11:54:29+05:30,5,5,455,0,455,35.94,42.28,455.00,318,137
2025-04-15T11:54:30+05:30,5,5,455,0,455,45.20,39.88,455.00,333,122
2025-04-15T11:54:31+05:30,5,5,455,0,455,41.77,42.47,455.00,318,137
2025-04-15T11:54:32+05:30,5,5,455,0,455,42.29,44.72,455.00,307,148
2025-04-15T11:54:33+05:30,5,5,457,0,457,42.56,41.77,457.00,306,151
2025-04-15T11:54:34+05:30,5,5,453,0,453,34.69,34.82,453.00,321,132
2025-04-15T11:54:35+05:30,5,5,455,0,455,42.81,42.04,455.00,315,140
2025-04-15T11:54:36+05:30,5,5,455,0,455,29.15,26.04,455.00,313,142
2025-04-15T11:56:17+05:30,7,5,643,130,513,85.44,261.95,643.00,455,188
2025-04-15T11:56:18+05:30,7,5,643,0,643,30.79,31.29,643.00,462,181
2025-04-15T11:56:19+05:30,7,5,637,0,637,28.48,27.67,637.00,447,190
2025-04-15T11:56:20+05:30,7,5,637,0,637,23.31,25.52,637.00,446,191
2025-04-15T11:56:21+05:30,7,5,637,0,637,15.27,16.41,637.00,459,178
2025-04-15T11:56:22+05:30,7,5,637,0,637,24.62,24.89,637.00,428,209
2025-04-15T11:56:23+05:30,7,5,630,0,630,20.41,17.83,630.00,439,191
2025-04-15T11:56:24+05:30,7,5,637,0,637,18.67,19.79,637.00,445,192
2025-04-15T11:56:25+05:30,7,5,637,0,637,17.48,18.96,637.00,443,194
2025-04-15T11:56:26+05:30,7,5,637,0,637,30.26,34.94,637.00,428,209
2025-04-15T11:56:27+05:30,7,5,637,0,637,25.09,25.79,637.00,444,193
2025-04-15T11:56:28+05:30,7,5,637,0,637,33.71,33.95,637.00,437,200
2025-04-15T11:56:29+05:30,7,5,637,0,637,29.25,37.24,637.00,467,170
2025-04-15T11:56:30+05:30,7,5,616,0,616,34.33,37.59,616.00,429,187
2025-04-15T11:56:31+05:30,7,5,637,0,637,33.57,37.32,637.00,447,190
2025-04-15T11:56:32+05:30,7,5,637,0,637,34.98,40.44,637.00,440,197
2025-04-15T11:56:33+05:30,7,5,637,0,637,41.98,39.35,637.00,438,199
2025-04-15T11:56:34+05:30,7,5,637,0,637,27.88,30.95,637.00,444,193
2025-04-15T11:56:35+05:30,7,5,630,0,630,30.05,36.58,630.00,438,192
2025-04-15T11:56:36+05:30,7,5,637,0,637,42.41,39.91,637.00,446,191
2025-04-15T11:56:37+05:30,7,5,637,0,637,41.13,35.48,637.00,450,187
2025-04-15T11:56:38+05:30,7,5,637,0,637,33.17,32.21,637.00,453,184
2025-04-15T11:56:39+05:30,7,5,637,0,637,29.97,41.32,637.00,440,197
2025-04-15T11:56:40+05:30,7,5,637,0,637,32.75,35.96,637.00,445,192
2025-04-15T11:56:41+05:30,7,5,637,0,637,40.38,35.51,637.00,444,193
2025-04-15T11:56:42+05:30,7,5,637,0,637,31.11,34.08,637.00,445,192
2025-04-15T11:56:43+05:30,7,5,639,0,639,34.50,34.43,639.00,468,171
2025-04-15T11:56:44+05:30,7,5,640,0,640,28.44,32.98,640.00,463,177
2025-04-15T11:56:45+05:30,7,5,632,0,632,33.84,32.95,632.00,446,186
2025-04-15T11:56:46+05:30,7,5,637,0,637,36.15,35.05,637.00,447,190
2025-04-15T11:56:47+05:30,7,5,637,0,637,35.68,38.57,637.00,449,188
2025-04-15T11:56:48+05:30,7,5,637,0,637,34.36,34.81,637.00,444,193
2025-04-15T11:56:49+05:30,7,5,630,0,630,36.51,33.02,630.00,451,179
2025-04-15T11:56:50+05:30,7,5,637,0,637,35.80,34.45,637.00,437,200
2025-04-15T11:56:51+05:30,7,5,637,0,637,42.07,33.41,637.00,445,192
2025-04-15T11:58:05+05:30,10,5,935,226,709,57.34,63.25,935.00,643,292
2025-04-15T11:58:06+05:30,10,5,910,0,910,30.69,29.95,910.00,624,286
2025-04-15T11:58:07+05:30,10,5,910,0,910,24.27,27.19,910.00,644,266
2025-04-15T11:58:08+05:30,10,5,900,0,900,29.57,28.11,900.00,646,254
2025-04-15T11:58:09+05:30,10,5,900,0,900,29.24,28.02,900.00,656,244
2025-04-15T11:58:10+05:30,10,5,920,0,920,29.63,34.96,920.00,659,261
2025-04-15T11:58:11+05:30,10,5,890,0,890,28.24,23.61,890.00,638,252
2025-04-15T11:58:12+05:30,10,5,910,0,910,26.18,26.66,910.00,621,289
2025-04-15T11:58:13+05:30,10,5,910,0,910,28.48,35.32,910.00,641,269
2025-04-15T11:58:14+05:30,10,5,920,0,920,33.68,36.01,920.00,654,266
2025-04-15T11:58:15+05:30,10,5,910,0,910,39.28,41.29,910.00,621,289
2025-04-15T11:58:16+05:30,10,5,910,0,910,35.42,37.73,910.00,657,253
2025-04-15T11:58:17+05:30,10,5,910,0,910,30.38,30.31,910.00,635,275
2025-04-15T11:58:18+05:30,10,5,903,0,903,30.08,26.43,903.00,659,244
2025-04-15T11:58:19+05:30,10,5,917,0,917,32.00,32.69,917.00,656,261
2025-04-15T11:58:20+05:30,10,5,902,0,902,34.74,33.61,902.00,635,267
2025-04-15T11:58:21+05:30,10,5,918,0,918,31.72,32.20,918.00,643,275
2025-04-15T11:58:22+05:30,10,5,910,0,910,30.52,38.31,910.00,634,276
2025-04-15T11:58:23+05:30,10,5,910,0,910,26.27,30.50,910.00,639,271
2025-04-15T11:58:24+05:30,10,5,910,0,910,30.03,31.73,910.00,630,280
2025-04-15T11:58:25+05:30,10,5,910,0,910,42.21,38.94,910.00,621,289
2025-04-15T11:58:26+05:30,10,5,894,0,894,36.25,39.71,894.00,612,282
2025-04-15T11:58:27+05:30,10,5,906,0,906,39.37,43.11,906.00,633,273
2025-04-15T11:58:28+05:30,10,5,920,0,920,31.96,34.81,920.00,631,289
2025-04-15T11:58:29+05:30,10,5,910,0,910,33.49,29.13,910.00,640,270
2025-04-15T11:58:30+05:30,10,5,910,0,910,26.17,29.02,910.00,659,251
2025-04-15T11:58:31+05:30,10,5,910,0,910,32.14,35.38,910.00,628,282
2025-04-15T11:58:32+05:30,10,5,920,0,920,33.98,34.12,920.00,643,277
2025-04-15T11:58:33+05:30,10,5,910,0,910,32.18,33.04,910.00,634,276
2025-04-15T11:58:34+05:30,10,5,910,0,910,35.41,36.96,910.00,636,274
2025-04-15T11:58:35+05:30,10,5,900,0,900,38.30,43.76,900.00,622,278
2025-04-15T11:58:36+05:30,10,5,920,0,920,36.41,35.48,920.00,620,300
2025-04-15T11:58:37+05:30,10,5,910,0,910,36.65,39.66,910.00,649,261
2025-04-15T11:58:38+05:30,10,5,910,0,910,29.85,35.14,910.00,622,288
2025-04-15T11:58:39+05:30,10,5,909,0,909,31.36,34.92,909.00,633,276
2025-04-15T11:59:12+05:30,12,5,1142,239,903,62.42,49.19,1142.00,786,356
2025-04-15T11:59:13+05:30,12,5,1085,0,1085,27.55,26.68,1085.00,743,342
2025-04-15T11:59:14+05:30,12,5,1104,0,1104,28.36,28.87,1104.00,775,329
2025-04-15T11:59:15+05:30,12,5,1092,0,1092,29.28,31.02,1092.00,764,328
2025-04-15T11:59:16+05:30,12,5,1092,0,1092,31.89,34.33,1092.00,777,315
2025-04-15T11:59:17+05:30,12,5,1092,0,1092,36.69,35.19,1092.00,768,324
2025-04-15T11:59:18+05:30,12,5,1080,0,1080,35.55,38.01,1080.00,750,330
2025-04-15T11:59:19+05:30,12,5,1092,0,1092,31.07,34.72,1092.00,770,322
2025-04-15T11:59:20+05:30,12,5,1092,0,1092,31.93,28.80,1092.00,795,297
2025-04-15T11:59:21+05:30,12,5,1092,0,1092,30.39,30.54,1092.00,791,301
2025-04-15T11:59:22+05:30,12,5,1092,0,1092,30.13,30.61,1092.00,786,306
2025-04-15T11:59:23+05:30,12,5,1092,0,1092,34.64,34.42,1092.00,773,319
2025-04-15T11:59:24+05:30,12,5,1092,0,1092,27.68,31.93,1092.00,765,327
2025-04-15T11:59:25+05:30,12,5,1081,0,1081,29.48,31.05,1081.00,730,351
2025-04-15T11:59:26+05:30,12,5,1103,0,1103,30.36,30.13,1103.00,758,345
2025-04-15T11:59:27+05:30,12,5,1081,0,1081,35.89,38.90,1081.00,747,334
2025-04-15T11:59:28+05:30,12,5,1091,0,1091,35.68,34.35,1091.00,770,321
2025-04-15T11:59:29+05:30,12,5,1092,0,1092,35.65,30.34,1092.00,787,305
2025-04-15T11:59:30+05:30,12,5,1092,0,1092,30.31,31.33,1092.00,782,310
2025-04-15T11:59:31+05:30,12,5,1092,0,1092,28.98,33.46,1092.00,761,331
2025-04-15T11:59:32+05:30,12,5,1092,0,1092,31.14,31.55,1092.00,763,329
2025-04-15T11:59:33+05:30,12,5,1092,0,1092,30.50,29.73,1092.00,749,343
2025-04-15T11:59:34+05:30,12,5,1092,0,1092,27.44,30.10,1092.00,774,318
2025-04-15T11:59:35+05:30,12,5,1104,0,1104,30.16,32.17,1104.00,764,340
2025-04-15T11:59:36+05:30,12,5,1092,0,1092,34.81,38.81,1092.00,779,313
2025-04-15T11:59:37+05:30,12,5,1080,0,1080,35.82,35.03,1080.00,761,319
2025-04-15T11:59:38+05:30,12,5,1092,0,1092,34.16,37.00,1092.00,784,308
2025-04-15T11:59:39+05:30,12,5,1083,0,1083,31.93,30.27,1083.00,756,327
2025-04-15T11:59:40+05:30,12,5,1101,0,1101,28.95,34.60,1101.00,727,374
2025-04-15T11:59:41+05:30,12,5,1092,0,1092,29.62,27.44,1092.00,772,320
2025-04-15T11:59:42+05:30,12,5,1080,0,1080,24.76,23.22,1080.00,768,312
2025-04-15T11:59:43+05:30,12,5,1096,0,1096,23.58,23.71,1096.00,784,312
2025-04-15T11:59:44+05:30,12,5,1088,0,1088,27.79,31.83,1088.00,779,309
2025-04-15T11:59:45+05:30,12,5,1092,0,1092,28.10,30.25,1092.00,739,353
2025-04-15T11:59:46+05:30,12,5,1092,0,1092,27.16,30.55,1092.00,769,323
2025-04-15T12:00:40+05:30,15,5,1420,326,1094,55.87,64.94,1420.00,996,424
2025-04-15T12:00:41+05:30,15,5,1365,0,1365,30.89,29.93,1365.00,968,397
2025-04-15T12:00:42+05:30,15,5,1365,0,1365,28.63,30.43,1365.00,976,389
2025-04-15T12:00:43+05:30,15,5,1380,0,1380,31.99,34.24,1380.00,973,407
2025-04-15T12:00:44+05:30,15,5,1365,0,1365,28.69,28.76,1365.00,937,428
2025-04-15T12:00:45+05:30,15,5,1365,0,1365,26.71,33.53,1365.00,960,405
2025-04-15T12:00:46+05:30,15,5,1365,0,1365,31.10,32.69,1365.00,987,378
2025-04-15T12:00:47+05:30,15,5,1365,0,1365,28.04,31.90,1365.00,950,415
2025-04-15T12:00:48+05:30,15,5,1365,0,1365,29.92,34.30,1365.00,963,402
2025-04-15T12:00:49+05:30,15,5,1365,0,1365,21.29,20.66,1365.00,946,419
2025-04-15T12:00:50+05:30,15,5,1365,0,1365,31.96,34.47,1365.00,949,416
2025-04-15T12:00:51+05:30,15,5,1365,0,1365,28.55,32.78,1365.00,947,418
2025-04-15T12:00:52+05:30,15,5,1350,0,1350,27.39,29.51,1350.00,932,418
2025-04-15T12:00:53+05:30,15,5,1365,0,1365,27.73,27.30,1365.00,968,397
2025-04-15T12:00:54+05:30,15,5,1365,0,1365,21.80,22.81,1365.00,966,399
2025-04-15T12:00:55+05:30,15,5,1365,0,1365,27.81,27.74,1365.00,957,408
2025-04-15T12:00:56+05:30,15,5,1365,0,1365,27.16,29.08,1365.00,965,400
2025-04-15T12:00:57+05:30,15,5,1365,0,1365,29.88,26.31,1365.00,990,375
2025-04-15T12:00:58+05:30,15,5,1365,0,1365,19.63,21.69,1365.00,943,422
2025-04-15T12:00:59+05:30,15,5,1373,0,1373,23.70,23.95,1373.00,982,391
2025-04-15T12:01:00+05:30,15,5,1357,0,1357,33.60,33.56,1357.00,964,393
2025-04-15T12:01:01+05:30,15,5,1365,0,1365,26.49,32.29,1365.00,970,395
2025-04-15T12:01:02+05:30,15,5,1365,0,1365,26.96,27.16,1365.00,954,411
2025-04-15T12:01:03+05:30,15,5,1380,0,1380,21.79,22.01,1380.00,964,416
2025-04-15T12:01:04+05:30,15,5,1365,0,1365,22.05,20.26,1365.00,953,412
2025-04-15T12:01:05+05:30,15,5,1365,0,1365,24.00,24.40,1365.00,947,418
2025-04-15T12:01:06+05:30,15,5,1365,0,1365,22.10,21.09,1365.00,977,388
2025-04-15T12:01:07+05:30,15,5,1365,0,1365,25.08,24.14,1365.00,944,421
2025-04-15T12:01:08+05:30,15,5,1380,0,1380,23.85,25.75,1380.00,968,412
2025-04-15T12:01:09+05:30,15,5,1350,0,1350,25.88,29.04,1350.00,920,430
2025-04-15T12:01:10+05:30,15,5,1369,0,1369,32.81,32.34,1369.00,949,420
2025-04-15T12:01:11+05:30,15,5,1376,0,1376,28.64,27.73,1376.00,961,415
2025-04-15T12:01:12+05:30,15,5,1365,0,1365,23.57,25.57,1365.00,991,374
2025-04-15T12:01:13+05:30,15,5,1365,0,1365,32.66,33.41,1365.00,940,425
2025-04-15T12:01:14+05:30,15,5,1365,0,1365,24.13,25.78,1365.00,933,432
2025-04-15T12:01:37+05:30,18,5,1720,353,1367,43.42,40.86,1720.00,1219,501
2025-04-15T12:01:38+05:30,18,5,1627,0,1627,26.38,26.20,1627.00,1131,496
2025-04-15T12:01:39+05:30,18,5,1631,0,1631,32.76,35.34,1631.00,1159,472
2025-04-15T12:01:40+05:30,18,5,1638,0,1638,26.55,28.88,1638.00,1191,447
2025-04-15T12:01:41+05:30,18,5,1638,0,1638,28.64,27.49,1638.00,1138,500
2025-04-15T12:01:42+05:30,18,5,1638,0,1638,27.56,29.93,1638.00,1139,499
2025-04-15T12:01:43+05:30,18,5,1638,0,1638,26.43,23.67,1638.00,1173,465
2025-04-15T12:01:44+05:30,18,5,1638,0,1638,27.99,26.53,1638.00,1152,486
2025-04-15T12:01:45+05:30,18,5,1625,0,1625,23.38,23.00,1625.00,1148,477
2025-04-15T12:01:46+05:30,18,5,1608,0,1608,21.25,22.52,1608.00,1156,452
2025-04-15T12:01:47+05:30,18,5,1621,0,1621,29.27,29.47,1621.00,1120,501
2025-04-15T12:01:48+05:30,18,5,1637,0,1637,26.22,29.16,1637.00,1113,524
2025-04-15T12:01:49+05:30,18,5,1638,0,1638,28.58,30.95,1638.00,1126,512
2025-04-15T12:01:50+05:30,18,5,1638,0,1638,25.46,31.28,1638.00,1165,473
2025-04-15T12:01:51+05:30,18,5,1641,0,1641,25.35,29.30,1641.00,1138,503
2025-04-15T12:01:52+05:30,18,5,1635,0,1635,25.41,26.89,1635.00,1144,491
2025-04-15T12:01:53+05:30,18,5,1638,0,1638,28.28,28.57,1638.00,1152,486
2025-04-15T12:01:54+05:30,18,5,1640,0,1640,26.78,26.29,1640.00,1174,466
2025-04-15T12:01:55+05:30,18,5,1654,0,1654,24.90,23.13,1654.00,1171,483
2025-04-15T12:01:56+05:30,18,5,1632,0,1632,28.86,28.86,1632.00,1161,471
2025-04-15T12:01:57+05:30,18,5,1644,0,1644,31.00,32.80,1644.00,1137,507
2025-04-15T12:01:58+05:30,18,5,1620,0,1620,30.81,31.54,1620.00,1136,484
2025-04-15T12:01:59+05:30,18,5,1638,0,1638,29.13,32.85,1638.00,1144,494
2025-04-15T12:02:00+05:30,18,5,1637,0,1637,27.85,29.61,1637.00,1167,471
2025-04-15T12:02:01+05:30,18,5,1629,0,1629,27.44,28.05,1629.00,1160,468
2025-04-15T12:02:02+05:30,18,5,1634,0,1634,29.39,26.35,1634.00,1117,517
2025-04-15T12:02:03+05:30,18,5,1652,0,1652,30.12,34.71,1652.00,1145,507
2025-04-15T12:02:04+05:30,18,5,1620,0,1620,32.32,31.80,1620.00,1146,474
2025-04-15T12:02:05+05:30,18,5,1647,0,1647,25.39,23.81,1647.00,1141,506
2025-04-15T12:02:06+05:30,18,5,1647,0,1647,27.09,25.15,1647.00,1124,523
2025-04-15T12:02:07+05:30,18,5,1610,0,1610,30.16,27.55,1610.00,1149,461
2025-04-15T12:02:08+05:30,18,5,1638,0,1638,27.62,24.79,1638.00,1139,499
2025-04-15T12:02:09+05:30,18,5,1638,0,1638,29.48,33.61,1638.00,1144,494
2025-04-15T12:02:10+05:30,18,5,1656,0,1656,32.06,31.81,1656.00,1153,503
2025-04-15T12:02:11+05:30,18,5,1638,0,1638,27.73,31.97,1638.00,1150,488
